City Name,Country,Longitude,Latitude,Temperature,Humidity,Wind Speed,Cloudiness,Date
newport,GB,-3.0,51.59,48.99,87,8.3,52,1602873660
carnarvon,AU,113.63,-24.87,68.0,88,23.04,40,1602873519
airai,TL,125.41,-8.93,60.19,71,1.92,87,1602873582
busselton,AU,115.33,-33.65,52.0,65,9.95,0,1602873693
fortuna,US,-124.16,40.6,71.6,43,5.82,1,1602873701
fairmont,US,-80.14,39.49,55.99,55,4.36,79,1602873770
port elizabeth,ZA,25.57,-33.92,64.4,88,19.46,40,1602873697
saryozek,KZ,77.98,44.36,44.89,55,2.19,0,1602873668
santa cruz del sur,CU,-78.0,20.71,87.78,60,7.07,0,1602873770
bluff,NZ,168.33,-46.6,43.0,89,1.99,55,1602873709
tasiilaq,GL,-37.64,65.61,37.4,100,5.82,90,1602873724
albany,US,-73.97,42.6,50.0,77,3.87,100,1602873695
kodiak,US,-152.41,57.79,35.6,74,5.01,1,1602873699
balikpapan,ID,116.83,-1.27,77.38,88,1.28,94,1602873796
alofi,NU,-169.92,-19.06,75.2,94,4.7,100,1602873549
cape town,ZA,18.42,-33.93,64.4,55,4.7,0,1602873513
lompoc,US,-120.46,34.64,89.6,25,3.36,1,1602873760
yellowknife,CA,-114.35,62.46,26.6,73,24.16,90,1602873682
nara,JP,135.8,34.69,57.99,85,6.51,100,1602873793
victoria,HK,114.16,22.29,78.01,74,10.6,44,1602873753
bengkulu,ID,102.27,-3.8,75.83,88,2.86,48,1602873754
punta arenas,CL,-70.92,-53.15,41.0,86,11.41,90,1602873666
roswell,US,-84.36,34.02,66.2,52,12.75,1,1602873704
ushuaia,AR,-68.3,-54.8,46.4,61,21.92,75,1602873695
dalmatovo,RU,62.94,56.26,50.77,70,12.19,100,1602873797
stornoway,GB,-6.39,58.21,50.0,76,4.7,75,1602873534
panjab,AF,67.02,34.39,31.05,69,0.98,0,1602873797
atuona,PF,-139.03,-9.8,78.85,73,20.31,0,1602873517
tupelo,US,-88.7,34.26,62.6,33,12.75,1,1602873797
butaritari,KI,172.79,3.07,81.37,75,13.65,0,1602873514
arawa,PG,155.54,-6.21,76.62,79,1.77,35,1602873797
dubbo,AU,148.62,-32.25,57.2,87,12.75,0,1602873719
vaini,TO,-175.2,-21.2,75.2,94,5.82,90,1602873692
hobart,AU,147.33,-42.88,41.0,86,1.12,40,1602873526
kadhan,PK,68.99,24.48,87.84,20,10.33,0,1602873798
paramonga,PE,-77.83,-10.67,69.12,68,11.1,11,1602873798
jamestown,US,-79.24,42.1,48.99,49,11.41,40,1602873407
zlobin,HR,14.65,45.29,60.8,55,5.82,75,1602873591
kapit,MY,112.93,2.02,75.43,94,0.54,100,1602873798
mataura,NZ,168.86,-46.19,43.0,89,1.99,83,1602873692
pimentel,PE,-79.93,-6.84,73.4,60,16.11,40,1602873798
nikolskoye,RU,30.79,59.7,41.0,65,8.95,90,1602873729
mahebourg,MU,57.7,-20.41,71.6,83,4.7,20,1602873534
georgetown,MY,100.34,5.41,78.8,94,2.93,20,1602873521
calbuco,CL,-73.13,-41.77,62.6,67,10.29,90,1602873798
diamantino,BR,-56.45,-14.41,97.39,29,4.27,99,1602873798
toamasina,MG,49.38,-18.17,69.8,94,1.12,20,1602873799
hilo,US,-155.09,19.73,77.0,73,5.82,90,1602873692
ruteng,ID,120.47,-8.61,61.84,96,1.52,100,1602873799
severo-kurilsk,RU,156.12,50.68,41.52,72,17.47,75,1602873731
avarua,CK,-159.78,-21.21,71.6,73,8.05,100,1602873703
hovd,MN,91.64,48.01,33.48,77,1.3,0,1602873773
salinas,US,-121.66,36.68,88.0,26,11.41,1,1602873750
new norfolk,AU,147.06,-42.78,39.0,74,5.99,100,1602873707
iaciara,BR,-46.63,-14.1,99.52,13,5.41,0,1602873799
puerto ayora,EC,-90.35,-0.74,78.8,65,17.22,40,1602873707
rikitea,PF,-134.97,-23.12,73.63,81,23.11,99,1602873695
aksu,CN,80.26,41.12,51.53,41,5.57,0,1602873725
port alfred,ZA,26.89,-33.59,67.14,78,27.25,40,1602873700
reynosa,MX,-98.28,26.08,71.6,88,13.87,90,1602873800
raga,SS,25.68,8.46,71.65,91,3.22,69,1602873800
longyearbyen,SJ,15.64,78.22,26.6,63,16.11,40,1602873726
zhuhai,CN,113.57,22.28,78.8,74,20.8,20,1602873800
cidreira,BR,-50.21,-30.18,67.35,72,16.08,31,1602873776
mar del plata,AR,-57.56,-38.0,68.0,72,13.87,20,1602873535
sao filipe,CV,-24.5,14.9,80.89,76,5.91,100,1602873696
borovoy,RU,86.08,55.43,39.2,93,8.95,40,1602873800
lamu,KE,40.9,-2.27,80.6,74,11.41,40,1602873801
chokurdakh,RU,147.92,70.63,33.08,99,8.46,100,1602873709
barrow,US,-156.79,71.29,15.8,72,20.8,1,1602873722
bend,US,-121.32,44.06,69.01,25,6.93,1,1602873566
pimenteiras,BR,-41.42,-6.25,99.75,17,5.55,98,1602873801
laela,TZ,32.05,-8.57,74.52,44,4.94,98,1602873801
takapau,NZ,176.35,-40.03,48.99,81,13.0,15,1602873802
souillac,MU,57.52,-20.52,71.6,83,4.7,20,1602873713
kapaa,US,-159.32,22.08,78.8,88,5.82,20,1602873427
tongren,CN,109.19,27.72,56.64,84,3.69,100,1602873551
meulaboh,ID,96.13,4.14,76.91,85,3.83,100,1602873540
alvorada,BR,-49.12,-12.48,98.92,23,4.79,89,1602873802
amazar,RU,120.88,53.86,29.88,95,5.08,3,1602873802
sorland,NO,12.69,67.67,46.4,87,21.92,75,1602873802
sinnamary,GF,-52.95,5.38,85.53,62,14.12,0,1602873694
qaanaaq,GL,-69.36,77.48,26.44,83,7.07,100,1602873708
irituia,BR,-47.44,-1.77,89.8,51,6.38,96,1602873802
hervey bay,AU,152.85,-25.3,60.01,93,8.05,69,1602873802
marsh harbour,BS,-77.06,26.54,81.09,75,7.94,99,1602873708
fairfield,US,-73.32,41.27,54.0,93,6.93,90,1602873802
chifeng,CN,118.96,42.27,43.45,54,11.54,0,1602873546
tuktoyaktuk,CA,-133.04,69.45,23.0,79,26.4,90,1602873732
ostrovnoy,RU,39.51,68.05,34.75,84,12.35,99,1602873803
mnogovershinnyy,RU,139.92,53.94,28.51,94,9.44,73,1602873550
yar-sale,RU,70.83,66.83,30.58,98,21.85,100,1602873803
sitka,US,-135.33,57.05,46.4,75,5.82,90,1602873444
cabo san lucas,MX,-109.91,22.89,91.99,55,2.86,5,1602873482
afyonkarahisar,TR,30.67,38.75,60.44,32,2.68,100,1602873803
mairi,BR,-40.15,-11.71,92.55,20,7.14,0,1602873803
dikson,RU,80.55,73.51,25.54,96,11.52,100,1602873710
esperance,AU,121.9,-33.87,44.6,100,4.7,30,1602873513
peruibe,BR,-47.0,-24.32,71.11,66,7.85,42,1602873804
san miguel,SV,-88.18,13.48,88.07,63,2.93,20,1602873804
bathsheba,BB,-59.52,13.22,87.8,70,14.99,40,1602873698
vao,NC,167.48,-22.67,69.22,81,21.99,2,1602873762
saldanha,ZA,17.94,-33.01,62.6,72,4.7,0,1602873704
barentu,ER,37.59,15.11,79.61,36,7.81,0,1602873804
inhambane,MZ,35.38,-23.86,73.4,78,11.41,20,1602873804
ushibuka,JP,130.02,32.19,61.38,89,13.98,100,1602873804
pevek,RU,170.31,69.7,35.78,85,13.18,0,1602873712
cheney,US,-117.58,47.49,50.0,57,26.4,75,1602873805
beringovskiy,RU,179.32,63.05,39.04,86,11.92,22,1602873805
paamiut,GL,-49.67,61.99,42.39,76,34.61,77,1602873805
castro,BR,-50.01,-24.79,70.05,61,9.26,85,1602873703
te anau,NZ,167.72,-45.42,38.86,92,3.31,100,1602873805
tateyama,JP,139.87,34.98,61.0,39,5.01,100,1602873805
sao felix do xingu,BR,-51.99,-6.64,100.06,25,5.08,54,1602873765
khilok,RU,110.47,51.37,27.99,95,11.36,42,1602873805
zhigansk,RU,123.37,66.77,20.25,96,6.71,93,1602873553
hokitika,NZ,170.97,-42.72,48.47,87,6.13,100,1602873567
yulara,AU,130.99,-25.24,77.0,31,8.05,0,1602873527
nyurba,RU,118.33,63.28,19.65,92,9.04,8,1602873806
olinda,BR,-34.86,-8.01,82.4,69,8.05,40,1602873806
hermanus,ZA,19.23,-34.42,63.0,85,6.17,0,1602873743
warrenton,ZA,24.85,-28.11,73.26,19,3.6,100,1602873806
pisco,PE,-76.22,-13.7,68.0,72,9.17,20,1602873738
jalu,LY,21.55,29.03,83.89,20,10.27,19,1602873806
mkushi,ZM,29.39,-13.62,70.61,49,6.22,0,1602873806
saint-augustin,CA,-58.65,51.23,55.27,68,14.58,3,1602873806
denizli,TR,29.07,37.84,55.4,37,6.93,100,1602873806
sur,OM,59.53,22.57,78.76,48,9.55,0,1602873750
vila franca do campo,PT,-25.43,37.72,68.0,88,9.17,75,1602873526
sola,VU,167.55,-13.88,77.0,100,15.03,75,1602873780
tiksi,RU,128.87,71.69,23.27,98,7.54,100,1602873555
poum,NC,164.02,-20.23,72.77,78,9.44,3,1602873558
flinders,AU,150.86,-34.58,60.01,84,1.01,100,1602873518
deputatskiy,RU,139.9,69.3,13.46,97,8.77,100,1602873593
arcachon,FR,-1.05,44.59,51.8,81,4.7,0,1602873807
kautokeino,NO,23.04,69.01,34.36,88,8.43,100,1602873807
auki,SB,160.7,-8.77,76.93,82,4.43,0,1602873807
east london,ZA,27.91,-33.02,64.4,88,17.22,75,1602873704
mercedes,AR,-59.43,-34.65,82.99,59,4.0,0,1602873745
aklavik,CA,-135.01,68.22,21.2,73,12.75,90,1602873720
faya,SA,42.45,18.39,68.0,15,9.17,0,1602873808
cayenne,GF,-52.33,4.93,91.4,46,14.99,20,1602873808
khatanga,RU,102.5,71.97,-2.07,91,4.38,0,1602873514
norman wells,CA,-126.83,65.28,19.4,67,12.75,75,1602873729
chuy,UY,-53.46,-33.7,66.25,69,14.34,19,1602873751
juxtlahuaca,MX,-99.15,17.43,84.34,49,4.63,67,1602873808
honiara,SB,159.95,-9.43,75.2,88,3.36,20,1602873555
mirnyy,RU,113.96,62.54,21.2,79,11.18,75,1602873808
shimoda,JP,138.95,34.67,61.0,73,14.16,100,1602873808
ahvaz,IR,48.67,31.32,71.6,43,2.24,0,1602873800
hithadhoo,MV,73.08,-0.6,83.77,74,21.14,97,1602873783
saint-philippe,RE,55.77,-21.36,75.2,78,5.03,90,1602873699
broken hill,AU,141.43,-31.95,64.4,77,17.22,75,1602873809
ribeira grande,PT,-28.7,38.52,71.6,60,11.41,75,1602873529
provideniya,RU,-173.3,64.38,40.23,95,13.33,100,1602873730
port lincoln,AU,135.87,-34.73,53.28,75,13.87,100,1602873718
fukue,JP,128.84,32.69,65.57,71,18.77,100,1602873809
mount isa,AU,139.5,-20.73,66.2,42,13.44,0,1602873592
los llanos de aridane,ES,-17.92,28.66,71.6,78,8.05,75,1602873796
tautira,PF,-149.15,-17.73,75.2,88,4.7,75,1602873526
tecoanapa,MX,-98.75,16.52,87.08,61,9.37,0,1602873809
santa isabel,BR,-46.22,-23.32,64.4,77,5.82,90,1602873584
sturgeon falls,CA,-79.93,46.36,48.0,45,11.41,20,1602873810
grindavik,IS,-22.43,63.84,42.8,93,8.05,40,1602873810
mount gambier,AU,140.77,-37.83,53.6,93,14.99,90,1602873800
anadyr,RU,177.48,64.75,37.4,83,6.71,93,1602873810
sibu,MY,111.82,2.3,77.0,88,2.24,40,1602873810
raahe,FI,24.48,64.68,41.0,93,4.7,8,1602873810
fallon,US,-118.78,39.47,63.0,20,4.7,1,1602873810
westport,US,-73.36,41.14,54.0,97,9.8,100,1602873472
chernyshevskiy,RU,112.47,63.01,19.31,96,8.68,100,1602873811
kruisfontein,ZA,24.73,-34.0,64.99,84,7.0,0,1602873719
saint anthony,US,-93.22,45.02,42.01,60,18.34,20,1602873765
namie,JP,141.0,37.48,55.0,97,5.19,94,1602873811
chapais,CA,-74.85,49.78,39.2,80,6.93,90,1602873811
lebu,CL,-73.65,-37.62,57.96,74,4.83,1,1602873755
inverness,GB,-4.22,57.48,48.99,93,4.94,75,1602873613
bredasdorp,ZA,20.04,-34.53,60.8,93,3.36,0,1602873638
ilulissat,GL,-51.1,69.22,48.2,57,12.75,75,1602873755
labuhan,ID,112.21,-6.88,78.49,78,9.35,100,1602873734
kochubey,RU,46.58,44.39,59.72,79,6.51,0,1602873812
amga,RU,131.96,60.9,20.34,96,3.51,100,1602873812
lenger,KZ,69.88,42.18,53.6,40,2.24,0,1602873812
edd,ER,41.69,13.93,84.67,66,1.99,0,1602873812
vostok,RU,135.88,46.49,27.19,92,5.17,39,1602873812
banda aceh,ID,95.32,5.56,81.64,70,13.09,100,1602873780
vuktyl,RU,57.31,63.86,27.88,98,5.95,98,1602873812
kaeo,NZ,173.78,-35.1,46.0,94,2.66,12,1602873806
la cruz,MX,-106.9,23.92,93.0,76,7.0,1,1602873813
maceio,BR,-35.74,-9.67,84.2,66,12.75,40,1602873807
saskylakh,RU,114.08,71.92,3.99,94,2.13,85,1602873552
ascension,US,-90.9,30.22,69.8,56,8.05,75,1602873813
gunjur,GM,-16.73,13.2,86.0,79,11.41,75,1602873813
praia da vitoria,PT,-27.07,38.73,66.99,82,7.67,75,1602873813
laguna,US,-121.42,38.42,82.0,23,1.99,0,1602873813
lorengau,PG,147.27,-2.02,81.03,74,6.6,100,1602873759
saint-francois,FR,3.91,46.42,48.99,93,1.12,90,1602873813
havelock,US,-76.9,34.88,80.01,78,7.43,19,1602873532
santa isabel do rio negro,BR,-65.02,-0.41,90.3,55,4.74,98,1602873814
hasaki,JP,140.83,35.73,57.2,93,8.05,75,1602873547
pedasi,PA,-80.03,7.53,82.83,74,1.34,100,1602873814
malanje,AO,16.34,-9.54,70.25,77,4.0,37,1602873814
kloulklubed,PW,134.26,7.04,77.0,94,2.46,75,1602873807
nanortalik,GL,-45.24,60.14,41.27,81,11.77,60,1602873536
tilichiki,RU,166.1,60.47,31.59,93,0.87,29,1602873793
gat,IL,34.76,31.61,75.99,65,5.37,0,1602873526
faanui,PF,-151.75,-16.48,77.97,82,11.65,94,1602873539
talnakh,RU,88.4,69.49,12.2,92,6.71,40,1602873758
vila velha,BR,-40.29,-20.33,71.6,73,18.34,75,1602873755
panguna,PG,155.48,-6.32,67.3,99,1.92,27,1602873815
rocha,UY,-54.33,-34.48,70.03,67,13.71,93,1602873815
kalemie,CD,29.19,-5.95,76.15,61,1.99,4,1602873815
klaksvik,FO,-6.59,62.23,42.8,93,6.93,100,1602873734
port hardy,CA,-127.42,50.7,53.6,100,6.93,90,1602873815
upernavik,GL,-56.15,72.79,36.64,76,9.22,100,1602873701
moncton,CA,-64.8,46.12,69.01,56,18.34,20,1602873557
daru,PG,143.21,-9.08,76.48,82,11.1,100,1602873560
jizan,SA,42.67,17.33,87.8,70,8.05,0,1602873815
hofn,IS,-15.21,64.25,42.8,61,5.82,0,1602873757
barranca,PE,-77.77,-10.75,68.4,69,10.58,11,1602873815
constitucion,CL,-72.42,-35.33,59.49,74,7.2,4,1602873714
sumbawanga,TZ,31.62,-7.97,68.0,68,3.47,0,1602873816
yilan,TW,121.75,24.76,75.2,88,9.17,75,1602873816
iracoubo,GF,-53.2,5.48,84.63,66,14.23,0,1602873816
kropotkin,RU,40.58,45.44,66.99,53,2.04,0,1602873816
graaff-reinet,ZA,24.53,-32.25,70.0,45,1.01,0,1602873816
comodoro rivadavia,AR,-67.5,-45.87,71.6,37,13.87,100,1602873710
poopo,BO,-66.97,-18.37,57.2,38,5.82,75,1602873816
shitanjing,CN,106.34,39.23,40.68,53,3.58,0,1602873764
kabompo,ZM,24.2,-13.59,74.16,40,5.08,0,1602873817
padang,ID,100.35,-0.95,77.45,77,3.11,98,1602873817
salta,AR,-65.41,-24.79,78.8,34,10.29,75,1602873629
luderitz,NA,15.16,-26.65,67.03,55,14.61,0,1602873766
axim,GH,-2.24,4.87,77.04,87,8.79,60,1602873817
severodvinsk,RU,39.83,64.56,33.8,100,4.47,75,1602873817
mosquera,CO,-74.23,4.71,66.2,52,8.05,75,1602873723
kursavka,RU,42.51,44.46,59.0,62,2.53,0,1602873817
broome,US,-75.83,42.25,48.99,81,5.82,90,1602873774
prado,BR,-39.22,-17.34,74.84,90,9.4,91,1602873818
celakovice,CZ,14.75,50.16,46.4,87,8.05,100,1602873818
mayo,US,-76.51,38.89,55.0,93,5.82,90,1602873697
ngunguru,NZ,174.5,-35.62,46.0,94,5.68,0,1602873818
irbeyskoye,RU,95.45,55.64,31.26,95,5.28,100,1602873818
garh maharaja,PK,71.91,30.83,75.04,19,6.04,0,1602873818
komsomolskiy,UZ,71.72,40.43,55.4,62,6.93,0,1602873759
dzaoudzi,YT,45.27,-12.79,78.8,78,6.93,0,1602873818
eyl,SO,49.82,7.98,80.62,79,11.25,5,1602873818
esna,EG,32.55,25.29,86.0,42,11.01,0,1602873818
sisimiut,GL,-53.67,66.94,42.42,83,15.99,100,1602873557
san vicente,AR,-54.13,-26.62,77.52,71,1.57,38,1602873819
magistralnyy,RU,107.45,56.17,23.54,93,3.69,57,1602873819
birjand,IR,59.22,32.87,48.2,15,6.93,0,1602873819
weatherford,US,-97.8,32.76,68.0,29,3.0,0,1602873448
lovozero,RU,35.01,68.0,28.38,97,8.14,97,1602873819
smolenka,RU,113.5,52.14,35.6,47,13.42,0,1602873819
acajutla,SV,-89.83,13.59,81.0,80,6.85,99,1602873776
ouesso,CG,16.05,1.61,72.43,95,0.38,37,1602873819
qaqortoq,GL,-46.03,60.72,48.2,78,5.82,75,1602873820
ponta do sol,PT,-17.1,32.67,69.8,64,12.75,20,1602873771
sept-iles,CA,-66.38,50.2,46.99,100,5.82,90,1602873555
gisborne,NZ,178.0,-38.65,46.0,81,4.0,0,1602873820
greenfield,US,-88.01,42.96,52.0,40,19.46,40,1602873653
chernoyerkovskaya,RU,37.77,45.43,64.0,87,6.71,40,1602873820
hambantota,LK,81.12,6.12,77.0,94,5.82,49,1602873820
tommot,RU,126.29,58.96,23.2,90,13.38,100,1602873820
machakos,KE,37.27,-1.52,73.4,46,6.93,75,1602873820
necocli,CO,-76.79,8.42,86.83,68,7.61,85,1602873820
nuuk,GL,-51.72,64.18,44.6,81,35.57,90,1602873821
domoni,KM,44.53,-12.26,77.34,74,3.8,1,1602873821
nieuw amsterdam,SR,-55.08,5.88,91.0,68,8.01,5,1602873821
walvis bay,NA,14.51,-22.96,59.0,91,3.0,3,1602873728
nemuro,JP,145.57,43.32,50.76,67,10.67,100,1602873821
praia,CV,-23.51,14.92,84.2,70,4.7,100,1602873821
vicente guerrero,MX,-98.17,19.12,71.6,46,11.41,75,1602873822
vicuna,CL,-70.71,-30.03,82.99,18,7.0,0,1602873822
vilcun,CL,-72.23,-38.65,68.0,52,6.93,0,1602873822
cap-aux-meules,CA,-61.86,47.38,59.0,72,16.11,20,1602873822
teya,RU,92.63,60.38,28.53,93,10.45,100,1602873822
lata,PT,-8.33,40.16,59.0,76,1.68,0,1602873822
lumeje,AO,20.78,-11.55,73.78,67,4.74,2,1602873822
invermere,CA,-116.04,50.52,42.01,82,8.99,100,1602873822
tyukhtet,RU,89.3,56.54,36.43,90,7.58,100,1602873822
koumac,NC,164.28,-20.57,69.31,83,8.01,0,1602873823
kalaswala,PK,74.65,32.2,71.6,56,0.81,0,1602873823
tutoia,BR,-42.27,-2.76,83.89,68,12.12,90,1602873823
cananea,MX,-110.3,30.95,87.01,16,5.01,70,1602873630
mackay,AU,149.2,-21.15,60.8,82,5.82,40,1602873823
san patricio,US,-97.52,28.02,64.4,77,20.8,90,1602873756
smithers,CA,-127.17,54.78,37.4,86,3.36,75,1602873737
natal,BR,-35.21,-5.79,86.0,55,17.22,20,1602873823
lincoln,US,-96.67,40.8,57.99,33,5.82,1,1602873778
petrokamenskoye,RU,60.65,57.72,41.25,78,6.08,82,1602873824
yatou,CN,122.38,37.15,53.38,51,7.05,0,1602873824
brownsville,US,-97.5,25.9,87.8,58,11.41,20,1602873602
kosh-agach,RU,88.67,50.0,25.7,91,3.22,0,1602873824
tshikapa,CD,20.8,-6.42,73.02,87,1.34,97,1602873824
vardo,NO,31.11,70.37,32.0,77,18.34,90,1602873824
kavieng,PG,150.8,-2.57,81.61,74,12.57,97,1602873701
beyneu,KZ,55.2,45.32,57.36,35,12.35,0,1602873824
lahaina,US,-156.68,20.88,80.6,69,6.93,20,1602873824
thompson,CA,-97.86,55.74,30.2,74,14.99,90,1602873696
atar,MR,-13.05,20.52,93.83,20,9.13,0,1602873824
medea,DZ,2.75,36.26,64.4,68,4.7,20,1602873825
mumford,GH,-0.76,5.26,77.9,87,12.28,96,1602873825
saint-pierre,RE,55.48,-21.34,75.2,78,6.98,90,1602873724
caravelas,BR,-39.25,-17.71,73.74,90,9.8,100,1602873725
richards bay,ZA,32.04,-28.78,68.13,86,4.94,60,1602873779
voh,NC,164.7,-20.97,66.47,89,5.32,15,1602873825
olga,RU,135.29,43.74,37.94,80,5.59,2,1602873825
sumbe,AO,13.84,-11.21,75.2,87,11.01,100,1602873825
nexo,DK,15.13,55.06,48.2,93,6.93,99,1602873825
puerto escondido,MX,-97.07,15.85,86.0,66,4.7,40,1602873825
tuatapere,NZ,167.68,-46.13,43.0,89,1.99,91,1602873753
jiaozhou,CN,120.0,36.28,53.01,93,2.24,0,1602873826
longhua,CN,114.19,23.61,64.94,85,3.74,83,1602873826
pathardi,IN,75.18,19.17,74.43,87,7.27,0,1602873826
hualmay,PE,-77.61,-11.1,69.46,66,11.5,30,1602873826
san ramon de la nueva oran,AR,-64.33,-23.13,84.0,42,5.01,100,1602873632
berlevag,NO,29.09,70.86,28.4,86,3.36,40,1602873826
snasa,NO,12.38,64.25,46.4,93,11.41,75,1602873826
pendleton,US,-118.79,45.67,71.01,45,24.16,1,1602873826
nome,US,-165.41,64.5,37.4,93,29.97,90,1602873729
quatre cocos,MU,57.76,-20.21,73.99,83,4.7,20,1602873827
san quintin,MX,-115.95,30.48,81.18,46,11.9,0,1602873579
labuan,MY,115.24,5.28,77.0,88,4.7,20,1602873827
leningradskiy,RU,178.42,69.38,33.03,92,9.37,44,1602873741
tanout,NE,8.89,14.97,93.56,15,9.78,0,1602873827
iqaluit,CA,-68.51,63.75,35.6,100,2.24,90,1602873735
puerto leguizamo,CO,-74.78,-0.19,89.64,53,1.86,34,1602873827
erdenet,MN,104.08,49.03,32.02,88,3.0,8,1602873827
torbay,CA,-52.73,47.67,59.0,87,5.82,75,1602873700
ekhabi,RU,142.97,53.51,35.17,82,16.08,100,1602873741
noshiro,JP,140.02,40.2,48.4,89,5.82,100,1602873827
margate,GB,1.39,51.38,53.01,72,1.99,89,1602873744
odweyne,SO,45.06,9.41,78.51,38,8.03,0,1602873828
bilibino,RU,166.44,68.05,25.81,97,1.25,99,1602873700
barra do corda,BR,-45.25,-5.5,99.05,30,2.42,100,1602873828
clinton,US,-82.92,42.59,55.99,41,11.41,40,1602873828
berbera,SO,45.01,10.44,86.67,50,1.81,0,1602873769
iiyama,JP,138.37,36.85,52.0,90,1.48,100,1602873828
kaitangata,NZ,169.85,-46.28,44.01,89,1.99,99,1602873721
kieta,PG,155.63,-6.22,79.09,73,1.79,38,1602873586
senigallia,IT,13.22,43.71,53.6,100,4.7,28,1602873828
boende,CD,20.87,-0.22,74.3,89,2.06,100,1602873828
katsuura,JP,140.3,35.13,61.0,72,11.41,75,1602873740
lavrentiya,RU,-171.0,65.58,39.65,92,29.51,100,1602873764
marawi,PH,124.29,8.0,73.0,95,7.0,87,1602873829
osorno,CL,-73.15,-40.57,68.0,49,3.36,2,1602873724
bagdarin,RU,113.6,54.43,22.93,81,6.38,97,1602873568
akdepe,TM,59.38,42.06,53.6,46,4.7,0,1602873829
belokurikha,RU,84.99,52.0,43.29,65,6.78,63,1602873829
ambanja,MG,48.45,-13.68,75.65,85,1.25,63,1602873829
benghazi,LY,20.07,32.12,84.43,33,9.98,61,1602873829
cam ranh,VN,109.16,11.92,78.8,94,1.12,75,1602873829
sao joao da barra,BR,-41.05,-21.64,75.2,69,16.11,90,1602873737
jertih,MY,102.49,5.73,78.8,94,1.12,20,1602873830
cordoba,AR,-64.18,-31.41,86.0,35,16.11,39,1602873817
zemio,CF,25.14,5.03,70.74,93,0.94,98,1602873830
adelanto,US,-117.41,34.58,82.0,12,11.25,5,1602873830
songkhla,TH,100.67,6.83,77.0,100,4.7,20,1602873830
dingle,PH,122.67,11.0,75.52,90,2.48,100,1602873830
la union,PE,-80.75,-5.4,79.47,50,17.83,0,1602873758
santa comba,ES,-8.81,43.03,57.0,62,3.36,20,1602873830
marsa matruh,EG,27.25,31.35,73.4,69,9.53,0,1602873830
linguere,SN,-15.12,15.4,97.23,18,5.79,46,1602873830
miraflores,MX,-98.81,19.22,71.6,52,5.82,75,1602873830
ketchikan,US,-131.65,55.34,46.4,87,14.99,75,1602873831
naryan-mar,RU,53.09,67.67,30.9,99,3.13,95,1602873831
salalah,OM,54.09,17.02,78.8,88,2.24,0,1602873831
houston,US,-95.36,29.76,59.0,93,13.87,90,1602873746
saint george,US,-113.58,37.1,73.99,12,0.81,1,1602873748
singarayakonda,IN,80.03,15.25,81.66,81,3.22,85,1602873831
khorramshahr,IR,48.17,30.44,73.4,31,7.47,0,1602873831
gawler,AU,138.73,-34.6,57.0,91,5.01,100,1602873565
telfs,AT,11.07,47.3,44.6,93,2.24,75,1602873831
lebanon,US,-86.29,36.21,60.01,33,8.05,1,1602873647
maracacume,BR,-45.96,-2.04,87.64,60,4.5,95,1602873831
bilma,NE,12.92,18.69,89.62,14,6.42,0,1602873831
korla,CN,86.15,41.76,45.97,51,2.04,0,1602873563
porbandar,IN,69.61,21.64,86.65,64,8.84,100,1602873608
puerto baquerizo moreno,EC,-89.6,-0.9,75.2,78,11.41,75,1602873832
zupanja,HR,18.7,45.08,51.01,87,3.36,20,1602873832
saint-georges,GD,-61.75,12.06,87.8,70,20.8,40,1602873832
kahului,US,-156.47,20.89,80.6,61,1.88,20,1602873708
pangnirtung,CA,-65.71,66.15,41.0,80,9.17,90,1602873814
bambous virieux,MU,57.76,-20.34,73.99,83,4.7,20,1602873709
jishu,CN,126.8,44.32,38.17,72,10.25,0,1602873832
maniitsoq,GL,-52.9,65.42,40.44,91,28.54,100,1602873832
sabang,ID,95.32,5.89,82.89,74,21.39,100,1602873833
egvekinot,RU,-179.17,66.32,33.73,100,6.17,100,1602873833
nordfjordeid,NO,5.99,61.91,39.2,93,2.24,2,1602873833
mamakan,RU,114.0,57.82,22.46,90,5.93,51,1602873833
parati,BR,-44.71,-23.22,67.75,82,4.72,100,1602873744
jalgaon,IN,75.57,21.02,78.33,82,5.19,61,1602873833
fuyang,CN,115.82,32.9,52.7,65,6.15,0,1602873833
sarangani,PH,125.46,5.4,81.54,77,11.5,91,1602873833
zeya,RU,127.27,53.75,31.6,98,2.57,100,1602873833
galle,LK,80.22,6.04,79.81,84,12.53,86,1602873833
geraldton,AU,114.6,-28.77,59.0,77,9.17,75,1602873802
sassandra,CI,-6.08,4.95,76.87,88,7.27,76,1602873834
montepuez,MZ,39.0,-13.13,74.32,73,8.84,40,1602873834
ereymentau,KZ,73.1,51.62,50.38,47,14.25,100,1602873834
kaili,ID,120.21,-3.46,68.31,95,0.2,100,1602873834
lagos,NG,3.75,6.58,77.77,88,5.03,65,1602873542
eureka,US,-124.16,40.8,71.6,49,3.36,1,1602873703
kenai,US,-151.26,60.55,33.01,80,8.05,1,1602873834
kualakapuas,ID,114.39,-3.01,77.0,100,1.12,75,1602873834
khasan,RU,130.64,42.43,43.25,66,4.97,0,1602873834
nador,MA,-2.93,35.17,64.4,72,3.36,62,1602873834
tezu,IN,96.17,27.92,75.74,59,3.42,0,1602873835
tabou,CI,-7.35,4.42,77.2,88,7.81,90,1602873722
aguas formosas,BR,-40.94,-17.08,80.11,67,9.31,70,1602873835
muromtsevo,RU,75.24,56.37,48.76,61,13.0,96,1602873835
tongliao,CN,122.27,43.61,44.85,54,12.15,0,1602873835
merauke,ID,140.33,-8.47,75.38,79,13.44,53,1602873835
lipovtsy,RU,131.72,44.2,35.46,84,3.65,0,1602873835
ebolowa,CM,11.15,2.9,69.19,96,1.92,100,1602873835
neryungri,RU,124.65,56.67,18.63,92,18.21,100,1602873835
teguise,ES,-13.56,29.06,73.4,60,14.99,20,1602873835
gravelbourg,CA,-106.55,49.88,37.94,67,3.89,100,1602873835
vikhorevka,RU,101.16,56.12,26.6,73,4.47,100,1602873836
pochutla,MX,-96.47,15.74,91.99,66,9.17,75,1602873836
sancti spiritus,CU,-79.44,21.93,88.11,64,5.55,40,1602873836
tombouctou,ML,-3.0,20.0,96.93,11,5.44,0,1602873836
kizema,RU,44.83,61.11,32.36,97,5.08,92,1602873836
gamboma,CG,15.86,-1.88,73.76,91,3.24,99,1602873836
hereford,GB,-2.71,52.06,50.0,91,4.7,97,1602873821
beloha,MG,45.05,-25.17,69.04,76,15.28,100,1602873785
mulege,MX,-111.98,26.88,96.33,22,11.3,0,1602873836
henties bay,NA,14.28,-22.12,59.0,91,3.0,41,1602873531
port arthur,CN,121.27,38.8,41.0,75,2.24,0,1602873837
biak,ID,122.88,-0.91,77.31,82,2.64,100,1602873747
byron bay,AU,153.62,-28.65,60.01,100,4.41,18,1602873771
fort nelson,CA,-122.7,58.81,23.0,79,6.93,75,1602873733
hamilton,US,-84.53,39.18,57.99,26,6.93,1,1602873791
barabinsk,RU,78.36,55.36,47.28,61,16.02,89,1602873837
umm kaddadah,SD,26.69,13.6,91.67,11,12.77,0,1602873837
ballangen,NO,16.83,68.34,44.6,81,21.92,75,1602873837
port keats,AU,129.55,-14.25,80.98,79,6.6,0,1602873657
aurangabad,IN,75.33,19.88,75.2,94,2.24,40,1602873670
aranda de duero,ES,-3.69,41.67,44.53,66,3.51,90,1602873837
san cristobal,VE,-72.22,7.77,95.0,34,23.04,20,1602873747
kavaratti,IN,72.64,10.57,81.75,77,14.14,31,1602873734
aswan,EG,32.91,24.09,87.64,22,10.89,0,1602873775
goryachegorsk,RU,88.92,55.41,39.54,84,8.66,100,1602873838
plettenberg bay,ZA,23.37,-34.05,65.37,74,4.41,0,1602873772
itarema,BR,-39.92,-2.92,83.19,64,18.39,2,1602873838
bay roberts,CA,-53.26,47.6,59.0,1,4.32,68,1602873589
guerrero negro,MX,-114.06,27.98,82.6,44,12.15,83,1602873565
najran,SA,44.13,17.49,71.6,21,1.79,0,1602873726
katherine,AU,132.27,-14.47,78.8,78,5.82,12,1602873642
pasni,PK,63.47,25.26,80.96,27,24.79,5,1602873838
clyde,US,-82.98,41.3,57.0,41,9.86,0,1602873838
morondava,MG,44.28,-20.28,76.26,75,14.94,0,1602873838
prainha,BR,-53.48,-1.8,97.34,33,4.68,23,1602873838
sanmenxia,CN,111.18,34.77,51.24,50,1.48,90,1602873838
mataya,PH,124.37,7.47,72.61,88,1.28,74,1602873839
ringas,IN,75.57,27.35,84.2,26,4.7,20,1602873839
tessalit,ML,1.01,20.2,92.03,11,7.52,0,1602873839
kurilsk,RU,147.88,45.23,49.05,77,8.39,99,1602873771
fonte boa,BR,-66.27,-2.5,92.28,48,3.22,94,1602873839
gusinoye ozero,RU,106.26,51.11,34.14,85,4.36,59,1602873839
mahanje,TZ,35.33,-9.93,69.04,75,1.92,70,1602873839
mabaruma,GY,-59.78,8.2,85.44,70,5.84,40,1602873817
bhadrachalam,IN,80.88,17.67,76.62,90,1.74,55,1602873839
soe,ID,124.28,-9.86,65.68,66,4.16,14,1602873840
kutum,SD,24.67,14.2,81.5,16,9.89,0,1602873770
zaysan,KZ,84.87,47.47,43.77,54,3.91,0,1602873840
tifton,US,-83.51,31.45,82.4,54,10.29,40,1602873840
nortelandia,BR,-56.8,-14.45,96.44,31,4.52,100,1602873840
killarney,IE,-9.52,52.05,48.2,87,8.05,40,1602873840
kuzedeyevo,RU,87.2,53.33,39.51,87,4.45,100,1602873840
bubaque,GW,-15.83,11.28,83.19,82,10.16,100,1602873840
savannah bight,HN,-85.85,16.45,81.46,79,17.45,100,1602873840
bodaybo,RU,114.19,57.85,20.26,91,4.85,73,1602873841
svetlogorsk,BY,29.73,52.63,45.91,86,8.97,59,1602873841
arraial do cabo,BR,-42.03,-22.97,71.6,73,10.29,90,1602873705
palmer,US,-72.33,42.16,53.6,93,3.36,90,1602873455
muros,ES,-9.06,42.78,57.0,77,7.47,100,1602873841
jennings,US,-90.26,38.72,63.0,21,19.46,20,1602873841
komsomolets,KZ,62.07,53.75,53.89,43,9.13,100,1602873841
zhanaozen,KZ,52.8,43.3,55.78,35,8.16,0,1602873667
artyom,AZ,50.33,40.47,62.6,82,9.17,0,1602873841
manikpur,IN,81.12,25.07,80.33,68,2.55,4,1602873841
ashqelon,IL,34.57,31.67,75.99,64,3.36,0,1602873842
samarkand,UZ,66.96,39.65,59.0,41,6.93,0,1602873842
ulladulla,AU,150.47,-35.35,57.0,93,6.51,75,1602873545
santarem,BR,-54.71,-2.44,91.4,55,9.17,20,1602873842
bikaner,IN,73.3,28.02,81.41,15,8.1,0,1602873842
ormara,PK,64.64,25.21,83.35,31,11.61,27,1602873721
rockland,US,-74.05,41.17,54.0,93,5.03,100,1602873518
antofagasta,CL,-70.4,-23.65,71.01,67,13.87,20,1602873842
kirkcudbright,GB,-4.05,54.84,46.0,83,1.01,66,1602873842
crotone,IT,17.12,39.09,62.6,55,5.82,39,1602873842
kharp,RU,65.81,66.8,29.14,97,14.18,100,1602873741
oranjemund,NA,16.43,-28.55,62.89,70,10.58,0,1602873843
sobolevo,RU,31.9,54.43,38.37,85,5.75,3,1602873843
codrington,AU,141.97,-38.27,54.95,96,9.17,100,1602873768
carballo,ES,-8.69,43.21,55.99,76,1.12,100,1602873843
celestun,MX,-90.4,20.87,84.31,63,10.98,0,1602873830
middleton,GB,-2.2,53.55,52.0,72,7.43,6,1602873843
nushki,PK,66.02,29.55,50.34,39,1.43,0,1602873843
moba,CN,105.02,33.23,40.75,84,4.05,100,1602873843
nyrob,RU,56.72,60.73,31.57,97,7.31,99,1602873843
strelka,RU,93.03,58.07,30.2,93,5.88,100,1602873843
kandrian,PG,149.55,-6.22,76.53,88,4.85,100,1602873843
presidente olegario,BR,-46.42,-18.42,78.84,60,6.51,61,1602873844
podor,MR,-14.96,16.65,100.4,39,2.24,1,1602873844
caronport,CA,-105.82,50.45,35.6,37,6.93,90,1602873844
chandbali,IN,86.77,20.78,78.1,88,2.82,0,1602873844
santa maria,BR,-53.81,-29.68,79.81,50,11.1,0,1602873479
rock sound,BS,-76.2,24.9,83.7,77,9.53,91,1602873844
kalawit,PH,122.52,8.07,77.77,86,7.29,100,1602873844
truro,GB,-5.05,50.27,51.01,70,5.82,20,1602873844
soyo,AO,12.37,-6.13,77.47,81,8.3,90,1602873844
guhagar,IN,73.19,17.48,76.37,87,11.7,82,1602873844
great bend,US,-98.76,38.36,64.99,33,8.05,1,1602873845
nchelenge,ZM,28.73,-9.35,79.81,54,1.41,76,1602873845
mandalgarh,IN,75.1,25.2,79.68,69,4.92,15,1602873845
ossora,RU,163.07,59.24,34.09,85,6.76,52,1602873843
dera bugti,PK,69.15,29.03,75.36,19,3.0,0,1602873845
harper,LR,-7.72,4.38,77.68,86,7.72,93,1602873845
ust-nera,RU,143.2,64.57,14.63,89,6.31,100,1602873845
vestmannaeyjar,IS,-20.27,63.44,48.2,61,18.34,0,1602873845
pringsewu,ID,104.97,-5.36,76.14,92,4.72,100,1602873845
garden city,US,-83.33,42.33,55.0,34,14.99,40,1602873845
northam,GB,-4.22,51.03,51.01,85,1.01,39,1602873768
amahai,ID,128.92,-3.33,81.0,94,3.0,100,1602873846
santa maria a monte,IT,10.69,43.7,53.01,90,2.08,2,1602873846
ballina,AU,153.57,-28.87,60.01,100,4.94,14,1602873846
mana,GF,-53.78,5.66,85.91,63,12.46,0,1602873846
kisesa,TZ,34.15,-3.08,72.73,45,9.51,0,1602873846
tripoli,LY,13.19,32.88,73.0,63,12.66,100,1602873702
avera,US,-82.53,33.19,78.8,54,8.05,1,1602873846
beidao,CN,105.89,34.57,46.89,55,3.04,99,1602873846
talara,PE,-81.27,-4.58,77.0,65,13.87,33,1602873760
pacific grove,US,-121.92,36.62,80.6,28,5.82,1,1602873742
kilindoni,TZ,39.67,-7.91,78.78,79,14.27,0,1602873846
coihaique,CL,-72.07,-45.58,66.2,37,10.29,12,1602873767
mehamn,NO,27.85,71.04,33.8,80,2.24,75,1602873715
santa rosa,PH,121.11,14.31,80.6,88,1.12,20,1602873847
stange,NO,11.19,60.72,35.01,89,1.5,0,1602873847
nhulunbuy,AU,136.77,-12.23,75.2,88,4.7,100,1602873847
pangkalanbuun,ID,111.62,-2.68,74.03,95,1.12,100,1602873847
chulman,RU,124.91,56.85,19.15,94,16.11,100,1602873847
narsaq,GL,-46.05,60.92,48.2,72,5.82,75,1602873695
rio gallegos,AR,-69.22,-51.62,59.0,47,13.87,75,1602873717
kachug,RU,105.88,53.96,25.39,93,3.53,6,1602873848
wells,GB,-2.65,51.21,48.2,81,8.05,44,1602873848
saiha,IN,92.97,22.48,69.17,90,3.0,42,1602873848
willmar,US,-95.04,45.12,42.8,38,21.92,75,1602873848
adre,TD,22.2,13.47,81.21,16,5.77,0,1602873848
tulun,RU,100.58,54.56,29.3,92,3.8,100,1602873848
damietta,EG,31.81,31.42,80.6,69,8.05,5,1602873848
trincomalee,LK,81.23,8.57,80.29,77,18.12,100,1602873570
khargone,IN,75.6,21.82,79.09,77,3.65,98,1602873849
baherden,TM,57.43,38.44,59.95,31,3.53,0,1602873849
okoneshnikovo,RU,75.08,54.84,49.59,55,14.72,51,1602873849
sacramento,US,-121.32,38.47,82.0,19,9.17,1,1602873578
grand gaube,MU,57.66,-20.01,73.99,73,1.01,0,1602873756
ixtacomitan,MX,-93.1,17.42,82.62,73,5.53,92,1602873849
pingshan,CN,114.71,22.99,67.78,87,5.79,76,1602873849
bossangoa,CF,17.46,6.49,72.72,93,2.01,24,1602873849
emerald,AU,148.17,-23.53,60.8,82,5.82,0,1602873850
grand bend,CA,-81.75,43.32,54.0,60,13.0,4,1602873850
russell,US,-85.2,32.35,68.0,56,9.17,90,1602873833
svetlyy,RU,20.13,54.67,45.0,87,6.71,75,1602873850
buta,CD,24.73,2.79,69.1,96,0.56,40,1602873850
port macquarie,AU,152.92,-31.43,61.0,93,2.21,53,1602873850
